<?xml version="1.0" encoding="UTF-8"?>
<project-private xmlns="http://www.netbeans.org/ns/project-private/1">
    <editor-bookmarks xmlns="http://www.netbeans.org/ns/editor-bookmarks/2" lastBookmarkId="1">
        <file>
            <url>src/Admin_panel.java</url>
            <bookmark id="1">
                <name/>
                <line>723</line>
                <key/>
            </bookmark>
        </file>
    </editor-bookmarks>
    <open-files xmlns="http://www.netbeans.org/ns/projectui-open-files/2">
        <group>
            <file>file:/C:/Users/Nils/Desktop/Bank2.0-master/Bank/src/Klienti/Clients.java</file>
            <file>file:/C:/Users/Nils/Desktop/Bank2.0-master/Bank/src/Vesture/Vesture_User_Frame.java</file>
            <file>file:/C:/Users/Nils/Desktop/Bank2.0-master/Bank/src/Vesture/LOG.java</file>
            <file>file:/C:/Users/Nils/Desktop/Bank2.0-master/Bank/src/Konti/Konti.java</file>
            <file>file:/C:/Users/Nils/Desktop/Bank2.0-master/Bank/src/User/User.java</file>
            <file>file:/C:/Users/Nils/Desktop/Bank2.0-master/Bank/src/LogIN/LogIN.java</file>
            <file>file:/C:/Users/Nils/Desktop/Bank2.0-master/Bank/src/Konti/Konti_Admin_Show_Frame.java</file>
            <file>file:/C:/Users/Nils/Desktop/Bank2.0-master/Bank/src/SuperAdmin/SuperAdmin.java</file>
            <file>file:/C:/Users/Nils/Desktop/Bank2.0-master/Bank/src/DBconnect/DBConnect.java</file>
            <file>file:/C:/Users/Nils/Desktop/Bank2.0-master/Bank/src/Checks/checks.java</file>
            <file>file:/C:/Users/Nils/Desktop/Bank2.0-master/Bank/src/Admin/Admin_panel.java</file>
            <file>file:/C:/Users/Nils/Desktop/Bank2.0-master/Bank/src/Konti/Kredita_Uzkrajuma_Algas_ADD.java</file>
            <file>file:/C:/Users/Nils/Desktop/Bank2.0-master/Bank/src/Statistika/Statistika_SHOW.java</file>
            <file>file:/C:/Users/Nils/Desktop/Bank2.0-master/Bank/src/SuperAdmin/Super_Admin_Panel.java</file>
            <file>file:/C:/Users/Nils/Desktop/Bank2.0-master/Bank/src/Checks/LogIN_Check.java</file>
            <file>file:/C:/Users/Nils/Desktop/Bank2.0-master/Bank/src/Vesture/Vesture_Frame.java</file>
            <file>file:/C:/Users/Nils/Desktop/Bank2.0-master/Bank/src/SuperAdmin/Super_Admin.java</file>
        </group>
    </open-files>
</project-private>
